ID,WAGE,OCCUPATION,SECTOR,UNION,EDUCATION,EXPERIENCE,AGE,SEX,MARR,RACE,SOUTH,FNAME,LNAME,BDAY,ADDRESS,ZIPCODE
1,3.437200887,6,1,0,8,21,35,1,1,2,0,Maggie,Payne,6/2/83,3247 Harrison Street,94122
2,5.88429037,6,1,0,9,42,57,1,1,3,0,Nettie,Balas,3/22/61,4257 Langtown Road,43609
3,3.066767385,6,1,0,12,1,19,0,0,3,0,Rickey,Butler,5/3/99,3141 Martha Street,86023
4,4.398649853,6,0,0,12,4,22,0,0,3,0,James,Marino,5/30/96,1001 Driftwood Road,95113
5,4.90302513,6,0,0,12,17,35,0,1,3,0,Adrian,Murphy,4/24/83,4555 Byers Lane,95826
6,10.92217437,6,0,1,13,9,28,0,0,3,0,Michael,Montoya,6/25/90,4283 Virgil Street,32459
7,10.79563722,6,0,0,10,27,43,0,0,3,1,Jason,Hunter,9/2/75,3919 Turkey Pen Road,10016
8,6.947157942,6,0,0,12,9,27,0,0,3,0,Jesus,Lagasse,4/16/91,1281 Chandler Hollow Road,15106
9,8.039178753,6,1,0,16,11,33,0,1,3,0,Richard,Miller,4/11/85,3212 Polk Street,85701
10,8.084757429,6,0,0,12,9,27,0,0,3,0,Michael,Conway,3/24/91,2747 Ashwood Drive,51016
11,12.32593251,6,0,1,12,17,35,0,1,3,0,Russel,Stephen,12/7/83,291 Bobcat Drive,20005
12,9.120045953,6,1,1,12,19,37,0,0,3,0,John,Arthur,3/7/81,544 Pike Street,92123
13,5.645297063,6,0,0,8,27,41,0,1,3,1,Jack,Dean,7/16/77,1895 Marcus Street,35802
14,10.24639537,6,0,1,9,30,45,0,0,3,1,John,Pitts,10/11/73,2689 Sycamore Lake Road,54301
15,8.282713558,6,0,0,9,29,44,0,1,3,1,James,Corchado,7/20/74,1561 Dola Mine Road,27707
16,7.823150605,6,2,0,12,37,55,0,1,3,0,Earl,Schaefer,10/2/63,619 Braxton Street,60423
17,5.967808195,6,0,0,7,44,57,0,1,3,1,Jerry,Jordan,1/31/61,4885 John Avenue,48912
18,13.18206132,6,1,1,12,26,44,0,1,3,0,Ronald,Young,11/28/74,81 Willow Oaks Lane,70501
19,7.879291321,6,0,0,11,16,33,0,0,3,0,Karl,Vaughn,12/13/85,2424 Kooter Lane,28150
20,10.19906264,6,0,0,12,33,51,0,1,3,0,William,Mauldin,2/27/67,301 Ripple Street,48653
21,7.783728341,6,1,1,12,16,34,1,1,3,0,Alisha,Abbott,7/26/84,2588 Barfield Lane,46254
22,5.900494436,6,1,1,7,42,55,0,1,1,0,Phillip,Dye,4/10/63,1491 Stoney Lonesome Road,17701
23,9.062696228,6,0,0,12,9,27,0,0,3,0,Steven,Morris,3/10/91,442 Stroop Hill Road,30093
24,7.127733698,6,0,0,11,14,31,0,1,1,1,Erick,Walker,8/17/87,4917 Allison Avenue,23462
25,9.392243817,6,0,0,12,23,41,0,1,3,0,Alvin,Sewell,5/16/77,664 Chicago Avenue,93291
26,6.377961265,6,1,0,6,45,57,0,1,3,1,David,Greer,9/24/61,3996 Cecil Street,60062
27,4.961331514,6,1,0,12,8,26,0,1,3,0,Raul,Owens,3/16/92,140 Werninger Street,77036
28,6.701889605,6,0,0,10,30,46,0,1,3,0,Ramon,Noble,9/5/72,295 Williams Lane,67214
29,3.896718501,6,1,0,12,8,26,1,1,3,0,Keli,Vogt,4/5/92,1560 Saint James Drive,17670
30,7.685838423,6,0,0,12,8,26,0,1,3,0,Jorge,Johnson,12/27/92,1050 Hannah Street,28202
31,7.455545064,6,0,0,14,13,33,0,0,3,0,John,Berger,1/31/85,2696 Smithfield Avenue,79401
32,7.933142563,6,0,0,12,46,64,1,0,3,1,Mary,Clark,4/22/54,803 Little Acres Lane,62420
33,6.625576359,6,0,0,8,19,33,0,1,3,0,Robert,Calvert,5/1/85,1275 Wilkinson Court,33901
34,3.982446577,6,0,0,17,1,24,1,0,3,1,Michele,Wallace,7/31/94,2636 Hillcrest Lane,92501
35,8.856622901,6,1,0,12,19,37,0,0,3,0,David,Boatright,7/20/81,4046 Elk Creek Road,30071
36,9.507612276,6,0,0,12,36,54,0,0,1,0,Alfredo,Burrell,7/26/64,4000 Simpson Square,73564
37,7.897019844,6,2,0,12,20,38,0,1,1,1,James,Jenkins,2/15/80,2951 Harron Drive,21201
38,11.93523831,6,2,1,12,35,53,0,1,1,0,Scott,Morris,10/1/65,2502 Stonecoal Road,44902
39,8.043743228,6,0,0,12,3,21,0,0,3,0,Julius,Davis,11/5/97,701 Woodbridge Lane,48124
40,9.028691014,6,1,0,14,10,30,0,1,3,1,Gregory,Ross,7/24/88,3358 Davis Lane,80239
41,8.261247755,6,0,0,12,0,18,0,0,3,0,Daniel,Sullivan,1/3/01,640 Watson Street,8855
42,9.95310996,6,1,1,14,14,34,0,1,3,1,Jack,Lagunas,5/15/84,672 Meadowcrest Lane,40507
43,6.010298563,6,1,0,12,14,32,0,1,3,0,Kelvin,Delgado,11/19/86,2121 Jefferson Street,23502
44,3.796012751,6,1,0,9,16,31,1,1,3,0,Marine,Wells,5/7/87,3685 Diamond Cove,2903
45,4.122434598,6,2,0,13,8,27,0,0,3,1,Joseph,Dattilo,7/15/91,4962 Candlelight Drive,77011
46,5.655678694,6,1,0,7,15,28,1,1,3,1,Becky,Billington,6/5/90,1868 Poe Road,77032
47,9.168278757,6,1,0,16,12,34,0,1,3,0,Robert,Robertson,2/14/84,721 Elk Avenue,48892
48,7.074415671,6,0,0,10,13,29,0,0,3,1,Richard,Moreland,10/23/89,1819 Crowfield Road,85012
49,6.243256237,6,0,1,8,33,47,0,1,3,0,Deandre,Fuller,3/19/71,1463 Lake Forest Drive,11747
50,9.134438296,6,1,0,12,9,27,0,1,3,0,Richard,Schofield,2/19/91,1711 Marion Street,5403
51,7.996114162,6,0,0,12,7,25,0,1,3,0,Joseph,Kennedy,1/13/93,4489 Zappia Drive,40507
52,14.2017323,6,1,1,16,13,35,0,1,3,0,Glen,Bowens,2/6/83,2055 Southern Street,11729
53,4.096033274,6,1,0,12,7,25,1,1,3,0,Connie,Butler,10/10/93,4388 Irish Lane,53703
54,5.918389893,6,1,0,12,16,34,1,1,3,0,Barbara,Morton,7/18/84,1773 Evergreen Lane,90017
55,5.888625533,6,0,0,13,0,19,0,0,3,0,Oscar,Spier,11/27/99,3378 Walnut Street,39208
56,6.622679824,6,1,0,12,11,29,1,0,3,0,Barbara,Fletcher,12/8/89,1338 Green Acres Road,27823
57,8.013044691,6,1,0,13,17,36,0,0,3,0,Edward,Barrett,4/5/82,3740 Confederate Drive,13088
58,5.573610572,6,1,0,10,13,29,0,1,3,0,Horace,Vogel,4/28/89,4920 Pheasant Ridge Road,19139
59,10.51562882,6,1,1,12,22,40,0,0,1,0,Johnny,Smith,7/21/78,3527 Burke Street,2210
60,5.315959511,6,1,0,12,28,46,1,1,3,0,Robin,Lawrence,6/12/72,4233 Blue Spruce Lane,21076
61,9.572743538,6,0,0,11,17,34,0,0,3,0,George,McMahan,3/17/84,601 Hinkle Deegan Lake Road,40507
62,10.53962924,6,2,1,12,24,42,0,1,3,0,Sean,Caputo,11/2/76,3520 Nuzum Court,14221
63,5.45426124,6,1,0,3,55,64,0,1,2,1,Will,Robicheaux,4/24/54,4067 Farnum Road,10048
64,6.743774766,6,2,0,12,3,21,0,0,3,1,Darwin,Gonzales,7/12/97,744 Franklin Street,36744
65,10.31754064,6,1,1,12,6,24,0,0,1,0,Herman,White,9/12/94,4352 Rogers Street,45236
66,7.996829703,6,2,0,10,27,43,0,1,3,0,Gregg,Barfield,11/13/75,4930 Koontz Lane,91601
67,8.625715023,6,1,1,12,19,37,0,1,1,1,Michael,Chandler,12/24/81,2631 Pike Street,92126
68,8.904064911,6,2,1,12,19,37,0,1,3,0,Glenn,Miracle,10/13/81,1832 Shearwood Forest Drive,3801
69,8.095614098,6,1,0,12,38,56,1,1,3,0,Erin,Richmond,6/25/62,4486 Lady Bug Drive,11101
70,6.62678095,6,1,1,10,41,57,0,1,1,1,Ricardo,McLeod,4/22/61,1571 Cottonwood Lane,37207
71,7.330641037,6,1,0,11,3,20,0,0,1,1,Christopher,Mayer,12/25/98,236 Cantebury Drive,10013
72,10.38743133,6,0,1,14,20,40,0,1,3,0,Ralph,Ross,10/17/78,915 Birch  Street,79901
73,5.685113063,6,0,0,10,15,31,0,1,3,0,David,Curran,1/24/87,4368 Park Boulevard,50472
74,3.262270171,6,1,0,8,8,22,0,1,2,1,German,Willis,1/22/96,569 Kenwood Place,33442
75,8.039427725,6,1,0,8,39,53,1,1,3,1,Mildred,Ross,1/13/65,844 Colonial Drive,77461
76,4.920967201,6,1,1,6,43,55,1,1,2,0,Irma,Myers,6/24/63,1075 Maple Lane,35901
77,9.206736122,6,1,1,11,25,42,1,1,3,1,Anna,Altman,2/24/76,1811 Confederate Drive,13206
78,9.335823263,6,0,1,12,11,29,0,1,3,0,Fernando,Rice,12/8/89,259 Mayo Street,41042
79,9.736843167,6,0,0,12,12,30,0,1,1,0,George,Irvine,11/11/88,1458 Fairfax Drive,8854
80,10.11664226,6,1,1,12,35,53,0,1,3,1,Ed,Way,8/28/65,2529 Aaron Smith Drive,17401
81,8.358195968,6,0,0,14,14,34,0,0,3,0,Thomas,Becnel,2/15/84,3635 Oakdale Avenue,33440
82,11.37826475,6,0,1,12,16,34,0,1,3,0,Eddie,Herren,9/14/84,420 Stratford Park,47458
83,6.878997462,6,1,1,10,44,60,1,0,3,0,Dorothy,Brooks,3/14/58,1943 Irving Place,63366
84,7.015824697,6,0,0,16,13,35,1,0,3,1,Robin,Thompson,11/20/83,2246 Russell Street,2141
85,10.09797318,6,1,1,13,8,27,0,0,1,0,Theodore,Ducan,5/24/91,1871 Hiney Road,89119
86,6.778961976,6,1,0,12,13,31,0,0,3,0,Matthew,Walker,3/17/87,65 Waldeck Street,75247
87,11.54307111,6,0,1,11,18,35,0,1,3,0,Sean,Melville,2/19/83,3023 White Oak Drive,64108
88,8.468876855,6,0,0,12,18,36,1,1,3,0,Shelby,Jorge,8/20/82,2401 Sycamore Lake Road,53081
89,5.191347168,6,0,0,12,6,24,1,0,3,1,Vikki,New,11/6/94,3343 Rebecca Street,60607
90,8.728510736,6,1,1,11,37,54,0,1,3,1,Rodney,Staley,12/17/64,189 Russell Street,1840
91,8.482349554,6,1,0,12,2,20,0,1,3,1,Bruce,Marrufo,1/3/99,3743 West Fork Drive,33324
92,10.05979621,6,1,0,12,23,41,0,1,3,0,John,Baker,1/21/77,3140 Oakridge Lane,75234
93,7.411552562,6,0,0,12,1,19,0,0,3,0,Elmer,Attwood,12/17/99,4206 Ruckman Road,73110
94,6.457161218,6,1,0,12,10,28,1,1,1,1,Elinor,Kendrick,10/4/90,1643 Johnson Street,27601
95,9.48595125,6,1,0,12,23,41,0,1,3,0,Chris,Perez,6/17/77,4158 Sycamore Street,95127
96,6.37363137,6,0,1,12,8,26,0,1,1,0,Douglas,Rhoades,11/2/92,2955 Irving Road,43081
97,7.602861147,6,1,0,15,9,30,1,1,3,0,Sharon,Holliman,8/5/88,2629 Filbert Street,19020
98,13.57560388,6,2,1,12,33,51,0,1,3,0,Damien,Hoover,11/17/67,3066 Austin Avenue,31401
99,6.744394878,6,1,0,12,19,37,1,1,3,0,Dorothy,White,9/27/81,810 Filbert Street,19103
100,7.392554931,6,0,0,13,14,33,0,1,3,0,Jeffrey,Nunez,2/12/85,1505 Poplar Lane,33165
101,6.432410944,6,0,1,11,13,30,0,1,3,0,Dustin,Clifton,10/2/88,4284 Trainer Avenue,52803
102,2.481827462,6,2,0,10,12,28,0,1,3,0,Anthony,Tillman,3/1/90,2852 Hill Croft Farm Road,95926
103,8.920616179,6,0,0,12,8,26,0,0,3,0,Dan,Lander,11/15/92,1745 Sunrise Road,89119
104,8.896055118,6,1,0,12,23,41,0,1,3,0,Randy,Jones,3/31/77,4035 Sharon Lane,46563
105,6.370875823,6,1,0,14,13,33,1,0,3,0,Kelley,Clark,11/5/85,1567 Lena Lane,39157
106,8.114375625,6,0,0,12,9,27,0,1,3,1,Randall,Tsosie,6/27/91,2836 Virginia Street,60062
107,8.894046922,6,0,1,14,21,41,0,1,3,0,Harrison,Partin,5/15/77,1940 Elk City Road,71101
108,3.084050965,6,2,0,5,44,55,0,1,3,1,James,Sandoval,11/10/63,4949 Skips Lane,85553
109,7.936978328,6,0,1,12,4,22,0,1,3,0,George,Sandifer,11/3/96,3519 Ridge Road,67330
110,8.409897283,6,1,0,8,42,56,0,1,3,0,Roger,Milburn,6/24/62,4991 Graystone Lakes,31213
111,6.726174792,6,0,1,13,10,29,0,1,3,0,Rodney,Hudson,4/30/89,508 Maud Street,19801
112,5.162211282,6,2,0,12,11,29,0,0,3,0,Danny,Geis,3/5/89,2907 Northwest Boulevard,20008
113,9.457970535,6,2,1,12,40,58,0,1,3,0,Alfred,Peterson,7/28/60,3252 Hartland Avenue,54303
114,9.65786825,6,2,0,12,8,26,0,0,3,0,Otis,Klein,11/30/92,2474 Traction Street,29339
115,8.75597865,6,2,0,11,29,46,0,1,3,1,Ellis,Shutt,5/25/72,305 Tanglewood Road,38654
116,7.787067167,6,0,1,16,3,25,0,0,3,0,Nicholas,Williams,10/15/93,3434 Court Street,63146
117,7.469712769,6,2,0,11,11,28,0,0,3,0,Phillip,Gustavson,4/27/90,2363 Abner Road,54487
118,7.927441938,6,0,1,12,12,30,0,1,3,0,Robert,Moore,12/31/88,4368 Pleasant Hill Road,90706
119,9.800935962,6,0,0,8,22,36,1,1,2,0,Sarah,Bowser,2/5/82,560 Collins Avenue,43215
120,7.245869356,6,0,0,12,12,30,0,1,3,0,Alexander,Perez,1/30/88,4871 Charmaine Lane,79373
121,8.529201786,6,0,1,12,7,25,0,1,3,0,Scott,Skidmore,5/1/93,1513 Ashmor Drive,56501
122,8.970103795,6,1,0,12,15,33,1,0,3,0,Gina,Stimpson,6/13/85,3324 Marie Street,20707
123,9.441645428,6,0,0,12,28,46,0,1,3,0,Peter,Howard,9/17/72,3639 Lady Bug Drive,81212
124,10.89673213,6,1,1,12,20,38,0,1,3,1,Norman,Driscoll,4/16/80,4684 Palmer Road,43085
125,7.061026523,6,2,0,12,6,24,0,0,3,1,Matthew,Rife,11/6/94,4536 Waterview Lane,87109
126,6.909604495,6,1,0,12,5,23,0,0,3,1,Manuel,Zamorano,3/3/95,2266 Bel Meadow Drive,91761
127,5.609844474,6,1,0,9,30,45,1,1,3,1,Blanche,Stephens,10/6/73,2528 Blane Street,63104
128,9.249086046,6,0,0,13,18,37,0,1,3,0,Hugh,Allison,1/4/82,2236 Sussex Court,76541
129,3.989785271,6,1,0,12,6,24,1,1,1,1,Berniece,Costello,4/30/94,4730 Leverton Cove Road,1109
130,9.127677213,6,0,0,12,16,34,0,0,2,1,Alejandro,O'Neill,8/21/84,2309 Eden Drive,23803
131,5.46064574,6,0,1,12,1,19,0,0,2,1,Richard,Easterwood,9/28/99,2404 Seltice Way,83814
132,8.005685867,6,1,0,12,3,21,0,0,3,0,Santos,Anderson,10/25/97,1605 Woodhill Avenue,20705
133,6.936213938,6,0,0,12,8,26,0,1,3,0,George,Kittelson,6/20/92,2947 McDonald Avenue,32803
134,8.029337166,6,1,0,14,2,22,0,0,3,0,Daren,Baker,1/6/97,1753 Jim Rosa Lane,94920
135,5.18613644,6,1,0,9,16,31,0,0,1,0,Derrick,Morris,11/10/87,885 Hall Street,89101
136,7.255590338,6,2,0,10,9,25,0,1,3,1,Shane,Cooper,10/18/93,3425 Grasselli Street,5101
137,5.571333404,6,0,0,12,2,20,0,0,3,0,Joseph,Kipp,8/5/98,2205 Blackwell Street,99737
138,5.88547871,6,1,0,7,43,56,0,1,3,1,Clarence,Nathaniel,9/11/62,770 Hayhurst Lane,48219
139,8.527153761,6,1,0,9,38,53,0,1,3,0,Daniel,Bingham,4/16/65,1760 Johnny Lane,53202
140,8.079983224,6,0,0,12,9,27,0,1,3,0,Michael,Knight,4/26/91,1060 Bingamon Branch Road,10990
141,8.023867784,6,0,0,12,12,30,0,1,3,1,Gregory,Long,9/19/88,2082 Tanglewood Road,39337
142,10.15906053,6,1,0,12,18,36,0,1,3,0,Scott,Kish,12/7/82,163 Cardinal Lane,44115
143,7.504361593,6,1,1,11,15,32,0,0,3,0,Scott,Mitchell,8/11/86,1703 West Fork Drive,33176
144,9.48244852,6,2,1,11,28,45,0,1,1,1,Roy,Brewer,1/12/73,4774 Rollins Road,69346
145,6.686294613,6,2,1,10,27,43,0,1,3,1,William,Sokolowski,8/26/75,4400 Adams Avenue,20707
146,8.641455834,6,0,0,12,38,56,0,1,3,1,Timothy,Greenwood,10/22/62,673 Deer Ridge Drive,7201
147,3.632279913,6,1,0,12,3,21,1,0,3,0,Jodi,Bradley,10/13/97,1930 Timberbrook Lane,80202
148,11.72378947,6,0,1,12,41,59,0,1,3,0,Sheldon,Love,12/2/59,2229 Westwood Avenue,11716
149,9.107630524,6,0,1,12,16,34,0,1,3,1,Frank,Tanner,2/14/84,3053 Haul Road,94041
150,4.864915839,6,1,0,13,7,26,0,1,3,1,Lynn,Phillips,7/3/92,3208 Hillhaven Drive,90063
151,3.475216158,6,1,0,6,33,45,1,0,1,1,Annie,Moore,1/7/74,3509 Weekley Street,78205
152,10.00906055,6,1,0,14,25,45,0,1,3,0,Harold,Arthur,10/11/73,47 Chestnut Street,34642
153,6.038403709,6,0,0,12,5,23,0,1,3,1,Dan,Kincer,5/14/95,3809 Pride Avenue,11206
154,8.693844122,6,0,0,14,17,37,0,0,1,1,James,Gary,5/20/81,2131 Heavner Avenue,30071
155,5.483520152,6,0,0,12,1,19,0,0,3,1,Francis,Ulmer,8/17/99,1837 Payne Street,24641
156,7.314964929,6,1,0,12,13,31,0,1,3,0,John,Bertsch,10/5/87,2893 Point Street,60620
157,15.10564507,1,0,0,16,18,40,0,1,3,0,Albert,Marshall,3/5/78,1892 Ray Court,28401
158,10.70983604,1,0,0,14,21,41,0,1,3,1,Barry,Hamrick,4/4/77,24 Ben Street,12205
159,8.280204124,1,0,0,14,2,22,0,0,3,0,Robert,Holle,5/19/96,1716 Birch  Street,79924
160,7.274671822,1,0,0,12,4,22,1,0,2,1,Angela,Perkins,2/1/96,4588 Center Street,97401
161,9.738827357,1,0,0,12,30,48,1,1,2,1,Alison,Steck,10/18/70,2406 Marshall Street,21218
162,10.61762102,1,0,0,13,32,51,0,0,3,0,Christopher,Sartor,10/5/67,2487 Bridge Avenue,70658
163,9.071625336,1,0,0,17,13,36,1,1,3,0,Phyllis,Barnett,2/23/82,4110 Luke Lane,74601
164,9.319294011,1,0,0,12,17,35,0,0,3,0,Juan,McGhee,1/12/83,4430 Small Street,10017
165,9.791827257,1,0,0,14,26,46,1,1,3,0,Edna,Allen,7/31/72,2564 Lakeland Park Drive,30501
166,11.38456455,1,0,0,16,9,31,0,0,3,0,Matthew,Elms,2/16/87,266 Hilltop Haven Drive,7102
167,9.135958365,1,0,0,16,8,30,0,0,1,0,Julio,Toribio,12/9/88,4251 Pineview Drive,56042
168,12.40489619,1,0,1,15,1,22,0,1,3,0,Wesley,Bates,10/31/96,3939 Armbrester Drive,90505
169,14.88303306,1,0,0,17,32,55,0,1,3,1,Scott,Hollingshead,7/2/63,3670 John Avenue,49201
170,7.136571119,1,0,0,12,24,42,1,1,3,0,Jennifer,Sorenson,10/14/76,3458 Better Street,64105
171,8.345080614,1,0,0,14,1,21,1,0,3,0,Dorcas,Tillotson,7/9/97,3970 Myra Street,2904
172,10.53800019,1,1,0,12,42,60,0,1,3,0,Jose,Huffman,3/18/58,1920 Platinum Drive,15205
173,5.851907236,1,1,0,16,3,25,1,0,1,0,Betty,Smith,12/8/93,778 Goldcliff Circle,20005
174,9.346576666,1,0,0,12,32,50,1,1,3,0,Lorena,Reedy,11/25/68,2802 Larry Street,53233
175,11.768799,1,0,0,14,22,42,0,0,1,0,Thomas,Schafer,4/8/76,2785 Hoffman Avenue,10013
176,11.59761364,1,0,0,16,18,40,0,1,3,0,Jeff,Hertzog,3/14/78,4124 Byrd Lane,87102
177,13.16994431,1,0,0,18,19,43,1,1,3,0,Dorothy,Summers,12/10/75,3347 Parker Drive,44115
178,10.41110178,1,0,0,15,12,33,0,1,3,0,Jerry,Rondeau,9/17/85,884 Conifer Drive,98168
179,8.941199904,1,0,0,12,42,60,1,1,3,0,Heather,Dunn,8/9/58,4001 Clinton Street,72046
180,10.5577965,1,0,0,12,34,52,0,1,3,1,Robert,Pastrana,5/22/66,4515 Radford Street,40242
181,16.25944585,1,0,0,18,29,53,0,1,3,0,Carlton,Newberry,5/26/65,2598 Irish Lane,53562
182,8.165246601,1,0,0,16,8,30,0,0,3,1,Robert,Fernandez,2/4/88,3380 Ferguson Street,1757
183,15.64221063,1,1,0,18,13,37,0,0,3,0,Richard,Ballard,2/23/81,3884 Sugarfoot Lane,46225
184,9.922500438,1,0,0,16,10,32,0,0,3,0,Stephen,McCusker,5/3/86,1415 Clair Street,76102
185,15.81652471,1,0,0,16,22,44,0,1,3,0,Sergio,Garrison,6/1/74,750 Buckhannan Avenue,13224
186,14.71017292,1,0,0,16,10,32,0,1,3,1,William,Kramer,10/21/86,4881 Christie Way,2199
187,13.20185784,1,0,0,17,15,38,1,1,3,0,Myrna,Anderson,5/10/80,242 Renwick Drive,19034
188,7.913089014,1,0,0,12,26,44,0,1,3,0,Kristopher,Carter,1/26/74,1720 Byrd Lane,87020
189,10.35555973,1,0,0,14,16,36,0,0,3,0,Charles,Lund,1/6/83,2231 Farm Meadow Drive,37209
190,12.53375417,1,0,0,18,14,38,1,1,3,0,Judy,Deyoung,8/21/80,1281 Elmwood Avenue,85225
191,9.216092989,1,0,0,12,38,56,1,1,3,0,Bonnie,Weight,2/16/62,827 Mulberry Avenue,72211
192,10.1241343,1,0,0,12,14,32,0,1,1,1,Gary,Champion,10/31/86,771 Browning Lane,13101
193,5.488796476,1,0,0,12,7,25,1,1,3,0,Phyllis,Garrido,1/2/94,1669 Watson Street,8052
194,10.10777855,1,0,0,18,13,37,1,0,3,1,Vanessa,Johnson,6/26/81,3648 Pheasant Ridge Road,19103
195,6.629747047,1,0,0,10,20,36,0,1,3,0,Michael,Carlson,8/31/82,3975 Feathers Hooves Drive,11714
196,14.18031926,1,0,1,16,7,29,0,1,2,0,William,Hunter,7/14/89,1512 Pineview Drive,51347
197,11.82194142,1,0,0,16,26,48,1,1,3,0,Elaine,Meadows,2/25/70,3531 Oakdale Avenue,33825
198,13.68828507,1,0,0,16,14,36,0,1,3,0,Theodore,Holbrook,12/26/82,2499 Oakdale Avenue,33823
199,11.59221625,1,0,0,13,36,55,0,0,3,0,Robert,Okamoto,12/9/63,2638 Bridge Avenue,70583
200,10.21482291,1,0,0,12,24,42,0,1,3,0,Daniel,Whitehair,10/15/76,574 Frederick Street,95823
201,14.45461182,1,0,0,14,41,61,0,1,3,1,Jason,Volpe,12/24/57,252 McDowell Street,37052
202,9.225176704,1,0,0,16,7,29,0,1,1,0,Alan,Montes,2/19/89,3847 Fraggle Drive,60173
203,12.03720719,1,0,0,17,14,37,0,0,3,1,Joshua,Agar,7/7/81,4747 Franklin Avenue,78476
204,5.345439916,1,0,0,12,1,19,1,0,3,1,Ella,Gardner,10/11/99,4100 Clark Street,60515
205,10.40115963,1,1,0,16,6,28,1,1,3,0,Joyce,Armstrong,10/19/90,227 Cost Avenue,20027
206,6.938494875,1,0,0,12,3,21,1,1,3,0,Patricia,Harding,6/14/97,2959 Edwards Street,28560
207,13.68197609,1,0,0,15,31,52,0,1,3,0,Robert,Despain,1/24/66,3800 Centennial Farm Road,51249
208,7.425921754,1,1,0,13,14,33,1,1,3,0,Ruth,Ceballos,11/22/85,4444 Ben Street,12210
209,9.912441467,1,0,0,14,13,33,1,1,3,0,Louise,McMahon,11/1/85,3091 Jones Avenue,27265
210,17.12643504,1,1,1,16,26,48,0,1,1,0,Bernard,Harris,5/21/70,4918 Melm Street,2852
211,14.91492565,1,0,0,18,14,38,0,1,3,0,Edward,Johnson,3/8/80,3154 Pointe Lane,33024
212,8.472913792,2,0,0,13,33,52,1,1,3,0,Patricia,Gross,12/2/66,2351 Roy Alley,80123
213,9.331255091,2,0,0,12,16,34,0,1,3,0,Whitney,Ash,2/28/84,870 Del Dew Drive,20770
214,11.52650864,2,0,0,18,10,34,0,1,3,0,John,Salazar,10/17/84,2872 Garrett Street,19108
215,8.876010959,2,0,0,14,22,42,0,0,3,0,Joseph,Schley,4/13/76,2670 Gore Street,77006
216,5.405142821,2,0,0,14,2,22,0,0,3,0,Christian,Finnell,4/24/96,2868 Rosewood Lane,10016
217,4.87954604,2,0,0,12,29,47,1,1,3,1,Regina,Winn,6/16/71,681 Thunder Road,94063
218,7.751205051,2,1,0,12,43,61,0,1,3,0,Shannon,Bobbitt,1/4/58,2620 Pyramid Valley Road,52632
219,4.158725974,2,0,0,12,5,23,1,1,3,0,Wanda,Speed,6/13/95,1723 Thomas Street,60062
220,5.765754956,2,0,0,16,14,36,1,1,1,1,Alexandra,Snavely,3/9/82,3700 Clement Street,30303
221,10.1432864,2,0,0,12,28,46,0,1,3,1,Harry,Hedley,10/7/72,3588 Hiney Road,58374
222,5.057540928,2,0,0,11,25,42,1,1,1,1,April,Tyler,5/18/76,2662 Fancher Drive,75212
223,7.931919889,2,0,0,12,45,63,1,1,3,0,Juanita,Cox,11/30/55,2756 Boone Street,77995
224,5.536155148,2,0,0,14,5,25,0,0,3,1,Manuel,Moore,5/6/93,3430 Parker Drive,44115
225,7.21236207,2,1,0,12,20,38,0,1,3,1,Kyle,Williamson,8/3/80,1070 Briarwood Road,64769
226,5.383271439,2,0,0,16,6,28,1,1,3,0,Judith,Brunner,11/18/90,4783 Church Street,11201
227,12.08885454,2,0,0,16,16,38,0,1,3,0,Sylvester,Duffy,5/27/80,969 Tanglewood Road,38801
228,4.437387364,2,0,0,11,33,50,1,1,3,0,Paula,Brownlee,10/6/68,4911 Barrington Court,72024
229,2.331108995,2,0,0,13,2,21,1,1,3,1,Elizabeth,Murphy,8/12/97,2458 Sycamore Lake Road,54304
230,4.786540707,2,0,0,12,10,28,1,0,3,1,Vivian,Wood,10/23/90,70 Diamond Street,28801
231,10.31141491,2,0,0,14,44,64,0,1,3,1,Anthony,Shelton,8/5/54,3125 Bates Brothers Road,43081
232,8.154492979,2,0,0,14,6,26,1,1,3,1,Andrea,Cole,9/23/92,837 Leroy Lane,57702
233,6.884199745,2,0,0,12,15,33,1,0,3,0,Kara,Dykema,5/27/85,1939 Pheasant Ridge Road,19103
234,3.827978223,2,0,0,12,5,23,0,1,3,0,William,Jefferson,7/21/95,4304 Neuport Lane,30084
235,5.691521406,2,1,0,13,4,23,1,1,3,0,Bethany,Estep,1/19/95,1620 Bridge Avenue,70663
236,9.249441378,2,0,0,14,14,34,0,1,3,0,Evan,Muro,2/18/84,1194 Bassel Street,70123
237,10.42755047,2,0,0,14,32,52,1,1,3,0,Cheri,Ochoa,9/7/66,3650 Boring Lane,94005
238,6.364913328,2,0,0,12,14,32,1,1,3,0,Darlene,Scott,4/15/86,4783 Hardesty Street,12207
239,8.664037717,2,0,0,14,21,41,0,1,3,0,Vernon,Doyle,1/26/77,32 Ridenour Street,33064
240,9.704711356,2,0,1,12,43,61,0,1,3,0,Timothy,Dowd,9/21/57,1678 Alexander Drive,76259
241,5.734797531,2,0,0,12,27,45,1,1,1,1,Melba,Hunter,6/2/73,3259 Jennifer Lane,27601
242,2.770786232,2,0,0,12,4,22,1,0,3,0,Victoria,Butler,3/21/96,1480 Sampson Street,80136
243,8.424871957,2,0,0,14,0,20,0,0,2,0,Stephen,Smith,1/8/99,3556 Leo Street,80203
244,6.847496309,2,0,0,12,32,50,0,1,3,1,Eric,Basnight,6/11/68,706 Robinson Lane,43055
245,5.91075514,2,0,0,12,20,38,0,1,3,0,Carmen,Estep,10/25/80,641 Grand Avenue,32801
246,7.516576399,2,0,0,15,4,25,0,0,3,1,Ramon,Campbell,6/1/93,357 Rosebud Avenue,72675
247,5.948576802,2,0,0,12,34,52,0,1,3,0,Terry,Posada,4/23/66,2040 Golden Street,33056
248,4.748976542,2,0,0,13,5,24,0,0,3,0,Louis,Payne,9/9/94,1131 Warner Street,33137
249,10.07308484,2,1,0,17,13,36,0,1,3,0,Claude,Branham,6/4/82,146 Clover Drive,81008
250,7.47347804,3,0,0,14,17,37,1,1,2,0,Rachel,Whitman,5/15/81,3055 Joanne Lane,1821
251,6.230611965,3,0,0,13,10,29,1,1,3,1,Vera,Hower,5/23/89,4030 Nickel Road,90017
252,9.09292277,3,0,0,16,7,29,1,1,3,0,Mary,Moreno,3/19/89,261 Crummit Lane,68508
253,7.230702684,3,0,0,12,25,43,1,0,3,0,Emma,Carver,11/23/75,208 Eden Drive,23060
254,7.479669114,3,0,0,12,18,36,1,1,1,0,Kimberli,Lopez,9/14/82,847 Spadafore Drive,16501
255,8.413629265,3,1,0,16,27,49,1,1,3,0,Heather,Stevenson,8/16/69,4606 State Street,63146
256,6.010651479,3,0,0,16,2,24,1,0,3,0,Lisa,Ince,7/9/94,1944 Stoney Lane,75202
257,7.585990532,3,0,0,13,13,32,0,1,3,0,Kenneth,Contreras,2/7/86,3554 Maple Avenue,95202
258,5.224358987,3,0,0,14,24,44,1,0,3,0,Charlene,Bolton,4/21/74,1737 South Street,79701
259,9.602986017,3,0,0,18,13,37,1,1,2,1,Dorothy,Heard,11/8/81,2454 Glenview Drive,78401
260,6.328358889,3,0,1,14,15,35,1,0,3,0,Jackie,Cervantez,4/26/83,1816 Washburn Street,70802
261,6.614081721,3,0,0,12,12,30,1,0,2,1,Mary,Reece,9/10/88,716 Norma Lane,71254
262,9.107090031,3,0,0,12,24,42,1,1,3,0,Kelly,Freeman,9/16/76,2721 Rocket Drive,55410
263,6.218757405,3,2,0,12,43,61,1,1,3,0,Frederica,Jefferson,12/7/57,2910 Dane Street,99201
264,6.398436488,3,1,0,12,13,31,1,1,3,0,Lavon,Davis,10/24/87,1513 Dancing Dove Lane,11590
265,6.429638629,3,0,0,12,16,34,1,1,3,1,Abby,Robertson,5/26/84,4420 Columbia Mine Road,26047
266,6.221644743,3,0,0,11,24,41,1,1,3,0,Teresa,Miller,3/9/77,2466 Centennial Farm Road,51301
267,7.136686698,3,0,0,16,4,26,1,1,3,1,Nicole,Hurt,9/25/92,1144 Lakeland Terrace,48180
268,5.910652983,3,0,0,12,24,42,1,1,3,0,Theresa,Thomas,3/8/76,3525 Lena Lane,39212
269,6.001879839,3,0,0,12,45,63,1,1,3,0,Crystal,Fuller,7/2/55,2356 Front Street,48219
270,11.57340547,3,0,1,12,20,38,0,1,3,0,Patrick,Duncan,12/19/80,895 Hall Valley Drive,24954
271,8.085398604,3,0,0,12,38,56,1,1,3,0,Eleanor,Pena,6/27/62,159 Owen Lane,49503
272,10.06363581,3,0,0,18,10,34,0,1,3,1,Troy,Best,1/2/85,3265 Euclid Avenue,93401
273,6.178741858,3,0,0,11,16,33,1,1,1,0,Margaret,Johnson,4/8/85,2095 Farm Meadow Drive,38574
274,7.871239891,3,0,0,12,32,50,1,1,1,1,Tania,Llewellyn,11/2/68,2275 Wyatt Street,33432
275,6.027794006,3,0,0,16,2,24,1,0,3,1,Jenny,Johnson,12/1/94,2365 Bloomfield Way,4330
276,5.839721574,3,0,0,13,28,47,1,0,3,1,Sheena,Wash,7/22/71,428 Geraldine Lane,10004
277,6.610164574,3,0,0,16,3,25,0,0,1,0,George,Hammett,2/2/93,2239 Leroy Lane,41501
278,7.145735241,3,0,1,13,8,27,1,0,3,0,Judy,Garden,4/2/91,165 Columbia Boulevard,21030
279,9.43847999,3,1,0,12,44,62,1,1,3,0,Yvette,Magill,9/25/56,3128 Matthews Street,60115
280,7.649639224,3,0,0,12,12,30,0,1,3,1,William,Zoller,1/26/88,4550 Bond Street,2905
281,7.711395512,3,0,0,12,8,26,0,1,1,1,Timothy,Brown,11/10/92,2636 Hurry Street,22471
282,4.154312946,3,0,0,12,4,22,1,1,3,0,Janet,Perry,4/7/96,2945 Davis Court,62821
283,8.601120831,3,0,0,12,28,46,1,1,3,1,Teresa,Ross,3/26/72,3137 Bel Meadow Drive,92401
284,4.840549218,3,0,0,13,0,19,1,0,3,1,Corinne,Bailey,7/7/99,4828 Horizon Circle,98423
285,4.720295219,3,0,0,14,1,21,0,0,3,1,James,Johnston,6/14/97,1192 Centennial Farm Road,51467
286,6.927637505,3,1,0,14,12,32,1,1,3,0,Carrie,Rivera,3/8/86,4095 Woodbridge Lane,48150
287,6.672648444,3,0,0,12,39,57,1,1,3,0,Teresa,Hall,11/3/61,1984 Polk Street,85712
288,7.765084585,3,0,0,12,24,42,1,1,3,0,Margret,Downs,8/22/76,4147 Andell Road,37201
289,8.955635066,3,0,0,17,32,55,1,1,1,0,Lena,Roman,7/5/63,2142 Capitol Avenue,47374
290,8.208145828,3,0,0,16,4,26,0,0,1,0,Lyle,Dedeaux,12/26/92,4067 Edsel Road,90017
291,5.500114436,3,0,0,12,25,43,1,0,1,0,Nancy,Muse,7/5/75,1861 Gladwell Street,75247
292,8.111478943,3,0,0,12,8,26,0,0,1,0,Edward,Gough,9/11/92,4010 Terry Lane,32905
293,6.342194529,3,0,0,13,16,35,1,1,3,0,Alberta,Brooks,3/18/83,1310 Masonic Drive,59050
294,5.973131761,3,0,0,12,5,23,0,0,3,1,Jamie,Sherrard,9/17/95,4071 Woodland Drive,51106
295,8.231954661,3,0,0,13,31,50,0,0,3,0,Thomas,Erickson,4/29/68,928 Harley Vincent Drive,44139
296,9.635356123,3,0,0,12,25,43,1,0,3,0,Doris,Smith,8/11/75,2092 Frum Street,37203
297,7.493469306,3,0,0,12,15,33,1,1,3,0,Angela,Berman,10/12/85,869 Willison Street,55429
298,7.478289105,3,0,0,14,15,35,1,1,3,1,Janice,McGee,5/19/83,2463 August Lane,71201
299,3.514699437,3,0,0,12,0,18,1,0,3,0,Carla,Davis,12/3/00,3926 Alexander Drive,76201
300,9.984426455,3,0,0,12,19,37,0,1,3,0,Landon,Coffman,12/24/81,1478 Wood Duck Drive,49916
301,4.89397475,3,0,0,12,21,39,1,0,1,0,Ethelene,Myers,8/29/79,2254 Tree Frog Lane,64070
302,7.392022822,3,0,0,12,6,24,1,0,3,0,Connie,Meyer,11/27/94,1211 University Drive,60606
303,9.392162578,3,0,1,12,14,32,1,1,3,0,Pearl,Vargas,3/28/86,2505 Freshour Circle,78258
304,7.594264446,3,0,0,13,30,49,1,1,3,0,Dianne,Todd,12/24/69,1456 Midway Road,72936
305,7.801993186,3,0,0,12,8,26,1,0,3,0,Robin,Thompson,3/25/92,4219 Big Elm,66214
306,7.239557973,3,0,1,9,33,48,0,0,3,0,William,Young,7/11/70,1341 Asylum Avenue,6103
307,9.572158452,3,0,0,13,16,35,0,0,2,0,Willard,Sanford,6/6/83,3090 Winifred Way,46041
308,7.317025092,3,0,0,12,20,38,1,0,3,1,Lisa,Bogard,11/30/80,891 Mulberry Lane,33301
309,4.585400549,3,0,0,13,6,25,1,1,3,1,Cassandra,McKnight,8/19/93,3944 Coal Street,16823
310,7.568513872,3,0,1,12,10,28,1,1,3,0,Katy,Theriault,12/4/90,4359 Jarvisville Road,11101
311,6.650839755,3,0,0,13,1,20,1,0,3,1,Paula,McKenzie,2/19/98,2326 Adams Avenue,20701
312,4.932042176,3,0,0,12,2,20,0,0,1,1,Charles,Morgan,11/4/98,4705 Broadway Avenue,37377
313,4.968215954,3,0,0,13,0,19,1,0,3,1,Mary,Martin,7/30/99,3321 Fittro Street,72211
314,10.38360782,3,0,0,16,17,39,0,1,1,0,John,Bostic,10/14/79,4772 Jones Avenue,27101
315,3.595450284,3,0,0,12,8,26,1,0,3,0,Thanh,Smith,5/28/92,1029 Skips Lane,85901
316,6.500989532,3,0,0,12,4,22,0,0,3,1,Harry,Sloane,4/29/96,644 Ferguson Street,1610
317,7.028122124,3,0,0,12,15,33,1,0,3,0,Marissa,Hoke,9/23/85,3948 Whiteman Street,8214
318,8.964689252,3,0,0,12,29,47,1,1,3,0,Patricia,Daly,5/6/71,1008 Walkers Ridge Way,91744
319,6.483938905,3,0,0,12,23,41,1,1,1,1,Rosa,Nies,1/11/77,2270 Peaceful Lane,44125
320,4.869306588,3,0,0,12,39,57,1,1,3,1,Robin,Mayo,7/2/61,4821 Rosewood Court,56101
321,5.799571289,3,0,0,12,14,32,1,1,3,1,Olive,Mendelsohn,10/18/86,737 Marion Street,5868
322,7.618556031,3,0,0,17,6,29,1,0,1,1,Martha,Cummings,4/12/89,693 Woodridge Lane,38017
323,8.938121704,3,0,1,14,12,32,0,1,3,1,Ty,Miller,10/10/86,1352 Hanifan Lane,30076
324,4.482978413,3,0,0,12,26,44,1,0,3,1,Paula,Lee,11/27/74,4586 Gateway Avenue,93301
325,7.850962293,3,0,0,14,32,52,1,1,3,0,Sarah,White,4/24/66,3288 Kuhl Avenue,30303
326,5.298791401,3,0,0,15,6,27,1,1,3,0,Robin,Turner,2/24/91,2331 Del Dew Drive,20024
327,8.407535858,3,0,0,12,40,58,1,1,3,0,Waltraud,Simon,3/17/60,2308 Charack Road,47201
328,5.094702626,3,1,0,12,18,36,1,1,3,0,Jessica,Jackson,5/9/82,239 Lilac Lane,31401
329,3.600483965,3,0,0,11,12,29,1,0,3,0,Edith,Moreno,9/21/89,4743 Cityview Drive,19457
330,5.341128297,3,2,0,12,36,54,1,1,3,1,Estelle,Downs,11/9/64,1186 Formula Lane,75234
331,6.313474733,3,0,0,12,19,37,1,1,3,0,Eva,Braxton,3/24/81,2983 Murphy Court,92370
332,6.959052458,3,1,0,16,42,64,1,0,3,0,Michelle,Thomason,6/1/54,2169 Alfred Drive,11234
333,3.179778065,3,0,0,13,2,21,1,1,2,0,Hiroko,Boggs,3/31/97,2324 Cambridge Drive,85027
334,9.116044902,3,0,0,12,33,51,1,1,3,0,Monika,Kennedy,2/7/67,806 Spring Haven Trail,7470
335,6.010802793,3,0,0,12,14,32,1,1,3,1,Kay,Langhorne,10/4/86,4616 Edwards Street,27804
336,6.883229255,3,0,0,12,22,40,0,0,3,0,Jackson,Christiansen,10/30/78,3939 Radio Park Drive,31903
337,7.671988996,3,0,0,12,20,38,1,1,3,0,Lupe,Parrish,3/30/80,2431 Cimmaron Road,92680
338,3.380820664,3,0,0,12,15,33,1,1,3,0,Reatha,Benton,5/21/85,735 Riverside Drive,30643
339,8.512740045,3,0,0,12,35,53,0,1,3,0,Daniel,Gonzalez,4/30/65,365 Cinnamon Lane,78217
340,5.650350565,3,0,0,12,7,25,1,1,3,0,Maria,Barton,3/27/93,4757 Seth Street,78672
341,5.659121582,3,1,0,12,45,63,1,0,3,0,Sandra,Park,11/10/55,1077 Whitman Court,6511
342,7.141864686,3,0,0,12,9,27,1,0,3,0,Marilyn,Earls,5/24/91,1204 Bombardier Way,43085
343,5.902966736,3,0,0,12,2,20,1,1,3,1,Grace,McGowan,7/12/98,4402 Wines Lane,77032
344,7.431542698,3,0,0,17,3,26,0,0,3,1,John,Fernandez,8/18/92,1947 Formula Lane,75207
345,10.4527739,3,0,1,14,19,39,1,1,1,0,Kimberly,Wright,12/22/79,1209 Yorkie Lane,31405
346,3.824830704,3,0,0,12,14,32,1,1,3,1,Rhonda,Rivera,11/24/86,3444 Weekley Street,78212
347,3.049262865,4,0,0,4,54,64,0,1,3,0,Clarence,Richards,6/24/54,4391 Jehovah Drive,22401
348,8.234000772,4,0,0,14,17,37,0,1,3,0,Albert,Murphy,5/20/81,4271 Logan Lane,80202
349,4.292904077,4,0,0,8,29,43,1,1,1,0,Patricia,Waldrep,11/18/75,4045 Havanna Street,27107
350,6.420064367,4,0,0,15,26,47,1,0,3,1,Karen,Weathers,11/17/71,4715 Anmoore Road,11103
351,2.430861512,4,0,0,2,16,24,0,0,2,0,Kurt,Robertson,5/31/94,1430 Rockford Mountain Lane,27577
352,3.442843402,4,0,0,8,29,43,1,0,1,0,Regina,Ries,5/2/75,64 Augusta Park,25504
353,5.001072202,4,0,0,11,20,37,1,1,3,0,Lavern,Baker,5/3/81,376 Holt Street,33401
354,4.486950341,4,0,0,10,38,54,1,1,1,1,Sandy,Savage,11/17/64,2004 Red Dog Road,28202
355,3.079484054,4,0,0,8,37,51,1,1,1,1,Michelle,Brace,2/20/67,581 Wescam Court,89511
356,7.620837872,4,0,0,9,48,63,0,0,3,0,Hector,McDonald,5/23/55,4278 Pike Street,92103
357,4.461712385,4,0,0,12,16,34,1,0,3,0,Eileen,Eggert,6/12/84,34 Carter Street,62434
358,5.487944157,4,0,0,8,38,52,1,1,3,0,Wilma,Urban,8/30/66,543 Philli Lane,74119
359,5.334112303,4,0,0,14,0,20,0,0,1,0,Theodore,Daniel,7/1/98,4558 Terra Cotta Street,55804
360,8.226624781,4,0,1,12,14,32,0,0,1,0,Donald,Reed,3/10/86,2302 Roguski Road,71457
361,3.260075729,4,0,0,12,2,20,1,1,3,0,Velma,Herring,1/4/99,3927 Mulberry Avenue,72211
362,9.415623103,4,0,0,16,21,43,0,1,3,0,Warren,Holmes,2/26/75,4470 Asylum Avenue,6995
363,7.075556679,4,0,0,13,15,34,1,1,3,0,Deirdre,Moore,8/28/84,3096 Private Lane,31701
364,4.858193187,4,0,0,16,20,42,1,0,3,0,Kay,Haas,6/15/76,4121 Oak Lane,65233
365,5.717911201,4,0,0,14,12,32,1,1,3,0,Jessica,Ward,10/13/86,3890 Farland Street,1581
366,6.249084804,4,0,0,12,7,25,0,0,2,1,Michael,Boyd,1/16/93,4235 Cunningham Court,48075
367,5.929849702,4,0,0,11,4,21,0,1,3,0,Melvin,Knowles,1/28/97,2844 Calvin Street,21202
368,5.761628017,4,0,0,13,9,28,0,1,3,1,Jason,Adam,8/23/90,83 Franklee Lane,19108
369,4.840319427,4,0,0,12,43,61,1,1,2,1,Lois,Velez,4/21/57,262 Ocala Street,32751
370,4.799376363,4,0,0,10,19,35,0,0,3,1,Nathan,Rider,3/20/83,3330 Lauren Drive,53703
371,2.77457896,4,0,0,8,49,63,1,0,3,0,Ella,Shields,11/17/55,947 Broaddus Avenue,40160
372,5.23700243,4,0,0,12,38,56,1,1,3,0,Evelina,Crawford,8/9/62,3995 Bluff Street,21740
373,4.251890009,4,0,0,12,13,31,1,1,3,0,Helen,Sauers,9/13/87,4857 Brown Street,94520
374,5.549880933,4,0,0,12,14,32,1,1,3,0,Marietta,Miller,1/7/87,3089 Richards Avenue,95202
375,5.985197957,4,0,0,12,20,38,0,0,3,0,Richard,Jaramillo,12/22/80,3150 Winifred Way,46016
376,7.467307041,4,0,0,12,7,25,1,0,3,0,Peggy,Butler,10/27/93,2946 Jehovah Drive,22448
377,6.168631202,4,1,1,12,9,27,1,1,3,0,Bonnie,Smith,4/10/91,4139 Oak Lane,64601
378,1.800567376,4,0,0,12,6,24,1,0,3,0,Corazon,Patten,8/26/94,3678 May Street,42633
379,5.92642657,4,0,0,12,5,23,1,1,3,1,Melissa,Lahti,1/10/95,3526 Drummond Street,7416
380,3.478654342,4,0,0,13,1,20,1,0,1,1,Cynthia,McNeal,12/10/98,4586 Weekley Street,78237
381,10.00917079,4,0,1,14,22,42,0,1,3,0,John,Hickson,6/5/76,2882 Pursglove Court,45406
382,6.898506663,4,0,0,12,24,42,1,1,3,0,Shawna,Green,9/4/76,2145 Carriage Lane,43609
383,4.869125031,4,0,1,12,15,33,1,0,3,0,Paulette,Roberson,2/15/85,4053 Melville Street,38374
384,6.159704991,4,0,0,11,8,25,1,1,3,1,Ashley,Villareal,3/17/93,3522 Weekley Street,78205
385,9.556384041,4,0,0,11,17,34,1,1,3,1,Kelli,Perrone,12/4/84,3114 Poe Lane,64110
386,3.229555834,4,0,0,12,2,20,0,0,1,1,Anthony,Barnes,6/13/98,3610 Hornor Avenue,74020
387,7.627109439,4,0,0,12,20,38,0,1,3,1,Lewis,Fry,4/11/80,2481 Five Points,21201
388,7.774827375,4,0,1,12,26,44,0,1,3,0,Scott,Martinez,12/15/74,302 Sheila Lane,84728
389,6.255733363,4,0,0,10,37,53,1,1,1,1,Maxine,Giroux,1/12/65,1158 Turkey Pen Road,10038
390,4.070126185,4,0,0,12,41,59,1,0,3,0,Deborah,Morin,10/17/59,3576 Massachusetts Avenue,20024
391,7.403393378,4,0,0,12,27,45,1,1,3,0,Erin,Sims,8/22/73,527 Bird Spring Lane,77060
392,5.29828947,4,0,1,12,5,23,1,1,3,0,Rose,Barefoot,10/1/95,2489 Chapel Street,77056
393,9.53679794,4,0,0,14,16,36,0,1,1,0,Earl,Pettyjohn,2/18/82,1194 Rosewood Court,55415
394,3.957938597,4,0,0,14,19,39,1,1,3,0,Misty,Kelly,8/30/79,2738 Saint James Drive,17013
395,5.666484591,4,0,0,12,10,28,0,1,3,0,Jose,Wiley,5/13/90,3811 Charack Road,47802
396,6.359534552,4,0,1,13,1,20,0,0,3,1,Jeffery,Robinson,10/30/98,4108 Maple Street,90017
397,8.242139713,4,0,1,12,43,61,1,1,1,0,Louise,Swartz,7/22/57,3143 Asylum Avenue,6902
398,6.13860989,4,0,0,13,3,22,0,0,1,0,Matthew,Collins,4/18/96,2568 Eagle Street,62901
399,4.421512283,4,0,0,12,0,18,1,0,3,0,Estelle,Robinette,10/11/00,1549 Leo Street,80015
400,7.47881874,4,0,0,12,26,44,1,1,3,1,Tiffany,Contreras,8/9/74,4613 Queens Lane,23004
401,10.04418827,4,0,1,10,25,41,1,1,3,0,Lena,Puckett,4/7/77,700 Hershell Hollow Road,37601
402,6.109331596,4,0,0,12,15,33,1,1,3,0,Judith,Aguero,10/16/85,3492 Davis Avenue,95540
403,7.100454648,4,0,0,14,10,30,1,0,3,1,Ana,Baldwin,11/25/88,555 Charla Lane,75000
404,8.483343113,4,0,1,11,45,62,1,0,3,0,Mary,Bloom,9/3/56,4838 Riverside Drive,30901
405,5.833423119,4,0,0,11,3,20,0,0,1,0,Craig,Flanagan,8/26/98,182 Oakway Lane,90040
406,6.86817346,4,0,1,8,47,61,0,1,2,0,Philip,Levi,2/4/57,4050 Hart Ridge Road,48607
407,5.338112313,4,0,0,16,6,28,1,1,1,0,Sheryl,Myers,6/3/90,4205 Tree Frog Lane,64106
408,6.475081013,4,0,0,10,33,49,1,0,3,1,Phyllis,Wiseman,2/25/69,949 Roosevelt Street,94112
409,6.383704237,4,1,0,16,3,25,0,0,3,0,Larry,Schmidt,3/27/93,2982 Star Route,60106
410,4.988032878,4,0,1,14,4,24,0,0,2,0,Rodney,Goodman,12/9/94,1037 Wolf Pen Road,94143
411,9.756531396,4,0,1,14,34,54,0,1,1,0,Patrick,Rollins,8/21/64,702 Berkshire Circle,37917
412,8.835481948,4,0,0,11,39,56,0,1,3,1,William,Cooper,1/13/62,2332 Woodstock Drive,91731
413,7.116008905,4,0,0,12,17,35,1,1,3,1,Cathleen,Crane,11/8/83,4581 Del Dew Drive,20031
414,8.610341732,4,0,1,9,47,62,0,1,3,0,Rene,Jenkins,1/8/57,2910 Woodland Avenue,70458
415,5.003429574,4,0,0,11,2,19,0,0,3,0,Joseph,Thames,8/17/99,4391 Ryder Avenue,98011
416,5.248703892,4,0,0,13,0,19,0,0,3,1,Tyrone,Murphy,7/26/99,147 Southside Lane,90022
417,6.184437115,4,0,0,14,24,44,1,0,3,0,Belle,Waddell,1/26/74,441 Stutler Lane,16803
418,9.909474038,4,0,1,12,25,43,0,1,1,0,Kenneth,Matthews,6/20/75,272 Pursglove Court,45406
419,5.080910678,4,0,0,14,6,26,1,0,3,0,Margaret,Beason,7/28/92,427 Metz Lane,8102
420,3.67884855,4,0,0,12,10,28,1,0,3,0,Cindy,Shick,3/6/90,422 Marietta Street,94928
421,4.831666125,4,0,0,12,33,51,1,1,1,0,Pat,Johnson,7/19/67,4398 Coburn Hollow Road,61375
422,5.956800531,4,0,0,12,12,30,0,0,3,0,Harry,Landrum,10/29/88,820 Pearcy Avenue,46804
423,6.483292306,4,0,0,12,9,27,1,1,3,1,Anna,Barr,7/22/91,2047 Stone Lane,19103
424,8.585529675,4,0,1,11,18,35,0,1,3,1,John,Hendrix,7/19/83,1099 Post Avenue,60126
425,4.673309132,4,0,0,12,10,28,0,1,3,0,James,Heller,1/24/90,2781 Pointe Lane,33064
426,3.015509252,4,0,0,8,45,59,1,0,3,1,Sara,Stubbs,8/15/59,961 Rockford Mountain Lane,54302
427,5.595541763,4,0,1,9,46,61,1,1,3,0,Trudy,Moore,8/24/57,2626 Redbud Drive,11227
428,4.29395476,4,0,0,7,14,27,0,1,2,1,Jose,Smith,10/25/91,321 Ferguson Street,2127
429,7.792802908,4,0,0,11,36,53,1,0,3,0,Leona,Lukes,12/29/65,1502 Libby Street,90501
430,15.06552815,5,2,1,13,34,53,0,1,3,0,Nicholas,Big,12/11/65,2648 Duck Creek Road,94306
431,13.89011759,5,0,0,18,15,39,0,1,3,0,Wallace,Braden,10/25/79,1760 Mayo Street,40507
432,13.39512921,5,1,0,17,31,54,0,1,3,0,Anthony,Khan,3/7/64,3981 Hilltop Drive,79101
433,7.618509999,5,1,0,16,6,28,1,0,3,0,Samantha,Charette,11/21/90,1935 Flanigan Oaks Drive,20904
434,9.022480628,5,0,0,14,15,35,0,1,3,1,Felipe,Huber,11/28/83,4157 Lilac Lane,31405
435,13.92324171,5,0,0,12,30,48,0,1,3,0,Samuel,Stone,11/30/70,1444 Godfrey Street,97048
436,9.508301193,5,0,0,18,8,32,0,1,3,0,David,McGreevy,8/22/86,4365 Weekley Street,78212
437,12.17683247,5,1,0,18,5,29,0,1,3,0,Edward,Kelly,12/29/89,3351 Hickory Heights Drive,21090
438,9.665328528,5,0,1,17,3,26,1,0,3,0,Leona,Roberts,9/26/92,2303 Lakewood Drive,8872
439,8.929708738,5,0,0,13,17,36,0,1,3,1,Pedro,Johnston,4/30/82,339 Kerry Way,90241
440,14.22948198,5,1,1,16,5,27,0,1,1,0,Brandon,Clark,12/27/91,2985 Main Street,98109
441,9.064697254,5,0,0,14,10,30,1,1,3,0,Ella,Richie,11/4/88,237 Arbutus Drive,33012
442,10.51588267,5,0,0,15,33,54,1,0,3,0,Angela,Gonzales,2/5/64,3433 Willow Greene Drive,36117
443,9.356184644,5,0,0,18,3,27,0,1,3,0,Joshua,Cummings,11/15/91,1857 Fleming Street,36830
444,6.578565627,5,0,0,16,0,18,1,0,3,0,Cheryl,Fay,1/18/00,1112 Grand Avenue,32751
445,13.91251938,5,0,0,16,13,35,0,1,1,1,Dewey,Lester,12/27/83,4531 White Pine Lane,22960
446,14.27143482,5,0,0,18,12,36,0,1,3,0,Scott,Bates,11/30/82,4103 Cerullo Road,40242
447,9.37672328,5,0,0,16,6,28,1,1,3,0,Jana,Higgs,6/9/90,2618 Victoria Street,70806
448,10.81155026,5,0,0,17,7,30,0,1,3,0,Douglas,Schaff,4/26/88,707 Werninger Street,77032
449,14.59331483,5,0,1,16,14,36,0,1,3,1,William,Kessler,7/25/82,44 Ferry Street,35203
450,8.751628324,5,0,0,17,5,28,1,0,3,0,Toni,Kenny,6/27/90,3978 Melm Street,32789
451,6.701477095,5,0,0,15,10,31,1,1,3,1,Maryanne,Herrera,11/22/87,2499 Brannon Avenue,32202
452,11.87364837,5,0,0,18,11,35,1,1,3,0,Stephanie,Halcomb,1/21/83,1615 Mudlick Road,99301
453,11.10044622,5,0,0,17,24,47,1,1,3,0,Emily,Avery,3/27/71,3225 Blue Spruce Lane,21667
454,12.58445194,5,1,0,16,9,31,0,0,3,0,Timothy,Fifer,5/6/87,2558 Cambridge Place,21202
455,13.66408626,5,0,0,18,12,36,0,1,3,1,Don,Meeks,1/30/82,2636 Providence Lane,92614
456,14.5905669,5,0,0,18,19,43,0,1,3,0,Thomas,Gordillo,8/22/75,2291 Arron Smith Drive,96814
457,12.1657674,5,0,0,14,14,34,1,1,3,0,Marianne,Johnson,8/29/84,1311 Upton Avenue,4092
458,12.56275811,5,1,0,16,17,39,1,0,3,0,Hester,Jenkins,1/27/79,3742 Hood Avenue,92111
459,11.64593823,5,0,0,18,7,31,0,0,3,1,Marcel,Spence,6/4/87,1667 Big Elm,64106
460,10.55834441,5,0,0,18,7,31,0,1,3,0,Christopher,Walker,5/31/87,2785 Harley Vincent Drive,44128
461,11.65140147,5,0,0,16,22,44,1,1,3,0,Brooke,McVey,6/16/74,4968 Clifford Street,94578
462,10.80915086,5,0,0,12,28,46,1,1,3,0,Nancy,Thole,11/6/72,3067 Grove Street,11735
463,7.081578365,5,0,0,16,16,38,1,0,3,0,Samantha,Smith,8/27/80,3303 Wolf Pen Road,94063
464,10.84715978,5,0,0,16,16,38,0,0,1,1,Daniel,Murphy,3/31/80,3467 Douglas Dairy Road,24230
465,8.522645246,5,0,0,16,7,29,1,1,3,0,Michelle,Small,7/6/89,2755 Sardis Sta,75074
466,6.017348392,5,0,0,12,11,29,1,0,3,0,Lorena,Reiter,7/19/89,52 Meadow View Drive,6109
467,8.384952017,5,0,0,12,11,29,1,1,3,0,Gloria,Lineberger,4/17/89,2699 Polk Street,85705
468,8.963887218,5,0,0,12,16,34,1,0,3,0,Elvira,Greenwood,10/10/84,2911 Hedge Street,7304
469,20.48087781,5,0,1,18,33,57,0,0,3,0,David,Williams,2/13/61,2348 Geraldine Lane,10022
470,7.405982703,5,0,0,12,21,39,1,1,3,1,Rose,Frazier,1/2/80,3405 Hillview Street,29210
471,8.438208256,5,1,0,16,4,26,0,1,3,0,Charles,Howell,7/3/92,395 Clover Drive,80903
472,11.88256396,5,0,0,15,13,34,0,1,3,0,Edward,Hale,6/24/84,3321 Rainbow Drive,44691
473,17.14419218,5,0,1,18,14,38,0,1,3,0,Kristopher,Bowyer,7/8/80,2690 Brookview Drive,95113
474,9.035676998,5,0,0,16,10,32,1,1,3,0,Emiko,Fox,9/5/86,4322 Aspen Court,2115
475,12.99546537,5,0,0,18,14,38,0,1,3,1,Daryl,Martin,5/17/80,2118 Hartland Avenue,54301
476,15.75949159,5,0,0,16,29,51,0,1,3,1,Dennis,Segovia,8/26/67,3788 Fulton Street,26062
477,8.585184604,5,0,0,12,4,22,0,0,2,0,Michael,Sanders,10/7/96,2491 Kimberly Way,49503
478,17.55941886,5,0,0,18,27,51,0,1,1,0,John,Graf,6/19/67,2393 Duck Creek Road,94612
479,7.625773001,5,0,0,12,3,21,0,1,3,0,Ralph,Disney,10/22/97,1027 Beech Street,94104
480,13.95564615,5,0,1,16,14,36,0,1,3,1,John,Mitchell,4/23/82,3443 Ash Avenue,63101
481,5.969718058,5,2,0,14,0,20,0,1,3,0,Corey,Clayton,2/11/98,3552 Frum Street,37217
482,17.89068059,5,0,0,18,33,57,0,1,3,0,Angel,Stokes,12/28/61,2772 Marigold Lane,33176
483,11.97064157,5,0,0,16,38,60,0,1,3,1,Norman,Huff,1/3/59,4305 Atha Drive,93301
484,13.33795096,5,0,1,18,18,42,1,1,3,0,Faith,Brown,12/1/76,2983 Hart Ridge Road,48624
485,11.54311222,5,1,0,17,3,26,0,0,3,0,Matthew,Vine,2/24/92,651 Steele Street,61257
486,14.41184387,5,0,0,18,40,64,1,0,3,0,Nicole,Montana,10/8/54,4899 Edgewood Avenue,93710
487,9.879922834,5,1,0,14,19,39,0,0,3,0,Jan,Dennison,6/11/79,1933 Calico Drive,98801
488,6.232433772,5,0,0,14,4,24,1,0,3,0,June,Miller,7/1/94,2658 College Street,30030
489,11.03384373,5,0,0,16,11,33,1,1,3,0,Lillian,Fuston,10/16/85,1013 Carolina Avenue,78501
490,10.09547519,5,0,0,16,16,38,1,1,3,0,Ruth,Williams,12/25/80,4199 Junior Avenue,30303
491,11.74464808,5,0,0,14,22,42,0,1,3,0,Melvin,Oliva,12/6/76,2964 Mandan Road,65207
492,11.85908993,5,0,1,17,13,36,1,0,3,0,Gladys,Rush,2/23/82,4447 Brighton Circle Road,56301
493,14.724163,5,0,1,16,28,50,1,1,3,1,Virginia,Rood,12/29/68,2116 Confederate Drive,13021
494,6.496352532,5,0,0,16,10,32,1,1,3,0,Patricia,Stevens,10/13/86,2587 Kooter Lane,28105
495,7.751400079,5,0,0,16,5,27,1,0,3,1,Elena,Dunton,5/10/91,3720 Cedar Street,72201
496,9.737872493,5,0,0,15,5,26,0,0,3,0,Lawrence,Myers,9/16/92,4231 Williams Lane,67202
497,11.86015322,5,1,0,18,37,61,1,0,3,0,Sandra,Ramos,8/25/57,48 Gregory Lane,40299
498,14.83735229,5,0,1,17,26,49,1,1,3,0,Pamela,Meeker,9/30/69,1087 Wakefield Street,19034
499,8.282333902,5,0,0,16,4,26,1,1,3,1,Angelique,Tidwell,1/24/92,4898 Eagle Drive,48075
500,15.41569951,5,0,1,18,31,55,1,0,3,0,Kathleen,Rittenberry,9/3/63,2896 Bee Street,49470
501,10.57601616,5,0,1,17,13,36,1,1,3,0,Linda,Delamora,12/31/82,2211 Moonlight Drive,8232
502,7.377328544,5,0,0,12,42,60,1,1,3,0,Margaret,Reeves,7/22/58,2223 Fairfield Road,53202
503,13.32646003,5,0,0,17,18,41,0,1,2,0,John,Lineberry,6/28/77,4650 Oakridge Farm Lane,53525
504,2.80953312,5,0,0,12,3,21,1,1,3,0,Alice,Rule,11/10/97,2333 Southern Avenue,50322
505,7.828902671,5,0,0,17,10,33,1,0,3,0,Vilma,Cassell,6/16/85,4480 Cerullo Road,40299
506,12.53199382,5,0,1,16,10,32,1,0,3,0,Mary,Pace,5/10/86,1484 Kincheloe Road,97006
507,8.01206704,5,0,0,16,17,39,1,1,2,0,Robyn,Manuel,11/15/79,707 Randall Drive,96819
508,11.2277943,5,0,0,18,7,31,0,1,3,0,Craig,Pena,4/3/87,2648 Lords Way,38371
509,10.67575485,5,0,0,16,14,36,1,1,3,0,Beth,Hagan,7/24/82,3504 Hedge Street,7109
510,13.13465896,5,0,1,16,22,44,1,1,3,0,Marianne,Hemmer,7/6/74,3315 Edwards Street,27834
511,11.64587995,5,0,0,17,14,37,1,1,3,0,Kimberly,Sanders,5/24/81,269 Beech Street,94108
512,10.54530817,5,0,0,16,11,33,0,1,3,0,Daniel,Clark,12/10/85,1069 Rosewood Lane,10003
513,18.41532722,5,0,1,18,23,47,0,1,3,0,Michael,Adams,2/23/71,1092 Post Farm Road,30303
514,13.82073256,5,0,1,12,39,57,0,1,3,0,Henry,Zinn,2/20/61,4510 Hiddenview Drive,44128
515,10.72385785,5,0,0,16,15,37,0,1,3,0,Jerome,Moss,11/17/81,2160 Berkley Street,19034
516,8.196797899,5,0,0,14,15,35,1,0,2,0,Teri,Hammonds,11/11/83,3909 Melrose Street,98935
517,11.29457728,5,0,0,16,10,32,0,0,3,0,Mark,Obrien,10/29/86,413 Fort Street,98491
518,5.896053579,5,0,0,12,25,43,1,0,3,1,Vernice,Tomaszewski,4/29/75,3787 Earnhardt Drive,40202
519,7.8641487,5,0,0,14,12,32,1,1,3,0,Rita,Singleton,4/19/86,180 Hanover Street,10016
520,10.3276419,5,0,0,16,7,29,1,1,2,1,Cherie,Cohen,6/10/89,4660 Bell Street,10007
521,10.74759782,5,0,1,17,7,30,0,1,3,0,Wendell,McGrew,7/28/88,1334 Shinn Street,10016
522,11.67072551,5,1,0,16,17,39,0,1,3,0,Richard,White,11/13/79,4959 Reppert Coal Road,48219
523,13.0239175,5,0,1,16,10,32,0,1,3,0,Dennis,Jones,12/30/86,1955 Winding Way,2887
524,9.483395311,5,0,0,17,2,25,0,1,3,1,Joseph,Meeker,7/22/93,3993 Coal Street,16335
525,8.733906396,5,0,1,9,34,49,1,1,1,1,Martha,Matthews,4/3/69,3299 Bel Meadow Drive,92335
526,9.258027128,5,0,0,15,11,32,1,1,3,0,Pat,Watkins,4/21/86,117 Highland View Drive,94260
527,9.635183014,5,0,0,15,10,31,0,0,3,0,Joshua,Hall,1/15/87,566 Marion Drive,33624
528,6.777084427,5,0,0,12,12,30,0,1,3,1,Jose,Meehan,2/28/88,2789 Hillhaven Drive,90017
529,11.34200618,5,0,1,16,6,28,1,0,3,0,Laura,Cox,5/16/90,2204 Allison Avenue,23502
530,9.708921922,5,0,0,18,5,29,0,0,3,0,Michael,McNear,1/13/89,3494 Davis Court,62960
531,8.028000833,5,0,0,12,33,51,1,1,1,0,Barbara,Tompkins,1/22/67,2361 Havanna Street,27401
532,15.41136964,5,0,1,17,25,48,1,1,1,0,Rosie,Hidalgo,12/23/70,52 Levy Court,1824
533,9.745091049,5,0,1,12,13,31,0,1,3,1,Willard,Sage,1/17/87,1563 Oakmound Road,60657
534,13.31884393,5,1,0,16,33,55,0,1,3,0,Brian,McCoy,6/25/63,2689 Duffy Street,46382